-- Categories
insert into Category(id,name,image,description) values ('1','Watches','https://loremflickr.com/600/400/luxury,watch?lock=101','Luxury and heritage timepieces');
insert into Category(id,name,image,description) values ('2','Laptops','https://loremflickr.com/600/400/laptop?lock=102','High-performance notebooks');
insert into Category(id,name,image,description) values ('3','Smartphones','https://loremflickr.com/600/400/smartphone?lock=103','Flagship mobile devices');
insert into Category(id,name,image,description) values ('4','Audio','https://loremflickr.com/600/400/headphones?lock=104','Headphones, earbuds and speakers');
insert into Category(id,name,image,description) values ('5','Accessories','https://loremflickr.com/600/400/luxury,accessory?lock=105','Bags, pens and eyewear');

-- Customers
insert into Customer (id,email,first_Name,last_Name,Address,Postcode,City,Phone) values (1,'bekakikalishvili@gmail.com','lilian','mircos','birkestrase50', 40233, 'dusseldorf', 015434232);
insert into Customer (id,email,first_Name,last_Name,Address,Postcode,City,Phone) values (2,'quli2007@mail.ru','Sofio','abuladze','birkestrase50', 40233, 'dusseldorf', 01543423232);
insert into Customer (id,email,first_Name,last_Name,Address,Postcode,City,Phone) values (3,'quli2007@mail.ru','björn','seiffert','birkestrase178', 42344, 'witten', 0127777777);

-- Products (real luxury catalog with images, descriptions and GEL prices)
insert into Product(id,product_Name,product_Desc,image_url,Price,Stock,Category_id) values ('1','Rolex Submariner Date','Iconic 41mm Oystersteel dive watch with a Cerachrom bezel and self-winding Perpetual movement.','https://loremflickr.com/600/400/rolex,watch?lock=1',38500,3,'1');
insert into Product(id,product_Name,product_Desc,image_url,Price,Stock,Category_id) values ('2','Omega Speedmaster Moonwatch','The legendary manual-wind chronograph, the first watch worn on the Moon.','https://loremflickr.com/600/400/omega,watch?lock=2',21900,5,'1');
insert into Product(id,product_Name,product_Desc,image_url,Price,Stock,Category_id) values ('3','MacBook Pro 16" M3 Max','36GB unified memory, 1TB SSD and a stunning Liquid Retina XDR display.','https://loremflickr.com/600/400/macbook,laptop?lock=3',18999,8,'2');
insert into Product(id,product_Name,product_Desc,image_url,Price,Stock,Category_id) values ('4','Dell XPS 15 OLED','15.6-inch 3.5K OLED, Intel Core i9, 32GB RAM and NVIDIA RTX 4070.','https://loremflickr.com/600/400/laptop,ultrabook?lock=4',9499,10,'2');
insert into Product(id,product_Name,product_Desc,image_url,Price,Stock,Category_id) values ('5','iPhone 15 Pro Max','Aerospace-grade titanium, A17 Pro chip, 512GB and a 5x telephoto camera.','https://loremflickr.com/600/400/iphone,smartphone?lock=5',4299,15,'3');
insert into Product(id,product_Name,product_Desc,image_url,Price,Stock,Category_id) values ('6','Samsung Galaxy S24 Ultra','200MP camera, built-in S Pen and a 6.8-inch Dynamic AMOLED 2X display.','https://loremflickr.com/600/400/samsung,smartphone?lock=6',3799,12,'3');
insert into Product(id,product_Name,product_Desc,image_url,Price,Stock,Category_id) values ('7','Sony WH-1000XM5','Industry-leading noise-cancelling wireless over-ear headphones.','https://loremflickr.com/600/400/headphones?lock=7',1099,20,'4');
insert into Product(id,product_Name,product_Desc,image_url,Price,Stock,Category_id) values ('8','Apple AirPods Pro 2','Active noise cancellation, USB-C charging and adaptive audio.','https://loremflickr.com/600/400/earbuds?lock=8',749,30,'4');
insert into Product(id,product_Name,product_Desc,image_url,Price,Stock,Category_id) values ('9','Bose SoundLink Flex','Rugged, waterproof portable Bluetooth speaker with surprisingly deep bass.','https://loremflickr.com/600/400/speaker?lock=9',649,18,'4');
insert into Product(id,product_Name,product_Desc,image_url,Price,Stock,Category_id) values ('10','Louis Vuitton Keepall 55','Monogram canvas weekender travel bag, an enduring symbol of luxury travel.','https://loremflickr.com/600/400/handbag,luxury?lock=10',8900,4,'5');
insert into Product(id,product_Name,product_Desc,image_url,Price,Stock,Category_id) values ('11','Montblanc Meisterstück 149','Gold-coated fountain pen, handcrafted from precious black resin.','https://loremflickr.com/600/400/pen,luxury?lock=11',1450,9,'5');
insert into Product(id,product_Name,product_Desc,image_url,Price,Stock,Category_id) values ('12','Ray-Ban Aviator Classic','Timeless gold-frame sunglasses with crystal G-15 lenses.','https://loremflickr.com/600/400/sunglasses?lock=12',520,25,'5');

-- Sample order for customer 1
insert into Orders (id,order_No,order_Date,order_Total,shipping_Date,is_Delivered,Customer_id,order_status) values ('1',1001,'2026-06-11',79399,'2026-06-14',false,'1','Pending');
insert into Order_Details(id,Qty,Price,Subtotal,Order_id,Product_id) values ('1',1,38500,38500,'1','1');
insert into Order_Details(id,Qty,Price,Subtotal,Order_id,Product_id) values ('2',1,21900,21900,'1','2');
insert into Order_Details(id,Qty,Price,Subtotal,Order_id,Product_id) values ('3',1,18999,18999,'1','3');

-- Admin login (BCrypt hash of "1234")
insert into Service_User (id, username, password) values ('1', 'admin', '$2a$10$Req4kJOSY0g8pYA352BrUeWzkn6PGJh4jZs3t0W6SR0ujFIt16Y7K');
insert into User_Role (id, role_name, user_id) values ('1', 'ROLE_ADMIN', '1');

-- Georgian (ka) translations for the catalog
insert into Category_Translation(category_id,language_code,name,description) values ('1','ka','საათები','ლუქს და მემკვიდრეობითი საათები');
insert into Category_Translation(category_id,language_code,name,description) values ('2','ka','ლეპტოპები','მაღალწარმადობის ნოუთბუქები');
insert into Category_Translation(category_id,language_code,name,description) values ('3','ka','სმარტფონები','ფლაგმანი მობილური მოწყობილობები');
insert into Category_Translation(category_id,language_code,name,description) values ('4','ka','აუდიო','ყურსასმენები და დინამიკები');
insert into Category_Translation(category_id,language_code,name,description) values ('5','ka','აქსესუარები','ჩანთები, კალმები და სათვალეები');

insert into Product_Translation(product_id,language_code,name,description) values ('1','ka','როლექს საბმარინერი','41მმ ლუქს სამყურო საათი კერამიკის რგოლით');
insert into Product_Translation(product_id,language_code,name,description) values ('2','ka','ომეგა სპიდმასტერი','ლეგენდარული ქრონოგრაფი, პირველი საათი მთვარეზე');
insert into Product_Translation(product_id,language_code,name,description) values ('3','ka','მაკბუკ პრო 16"','36GB მეხსიერება, 1TB SSD, Liquid Retina XDR ეკრანი');
insert into Product_Translation(product_id,language_code,name,description) values ('4','ka','დელ XPS 15 OLED','15.6" OLED, Core i9, 32GB RAM, RTX 4070');
insert into Product_Translation(product_id,language_code,name,description) values ('5','ka','აიფონ 15 პრო მაქსი','ტიტანის კორპუსი, A17 Pro ჩიპი, 512GB');
insert into Product_Translation(product_id,language_code,name,description) values ('6','ka','სამსუნგ გალაქსი S24 ულტრა','200MP კამერა, S Pen, 6.8" AMOLED');
insert into Product_Translation(product_id,language_code,name,description) values ('7','ka','სონი WH-1000XM5','ხმის ჩამხშობი უსადენო ყურსასმენები');
insert into Product_Translation(product_id,language_code,name,description) values ('8','ka','ეფლ ეარპოდს პრო 2','აქტიური ხმის ჩახშობა, USB-C');
insert into Product_Translation(product_id,language_code,name,description) values ('9','ka','ბოუზ საუნდლინკ ფლექსი','წყალგამძლე პორტატული დინამიკი');
insert into Product_Translation(product_id,language_code,name,description) values ('10','ka','ლუი ვიტონ კიპოლ 55','მონოგრამის სამოგზაურო ჩანთა');
insert into Product_Translation(product_id,language_code,name,description) values ('11','ka','მონბლან მაისტერშტიუკი 149','ოქროსფერი მელნის კალამი');
insert into Product_Translation(product_id,language_code,name,description) values ('12','ka','რეი-ბენ ავიატორი','კლასიკური ოქროსჩარჩოიანი სათვალე');

-- Category translations for 16 additional languages (name only; description falls back to English)
insert into Category_Translation(category_id,language_code,name,description) values ('1','ru','Часы',NULL);
insert into Category_Translation(category_id,language_code,name,description) values ('2','ru','Ноутбуки',NULL);
insert into Category_Translation(category_id,language_code,name,description) values ('3','ru','Смартфоны',NULL);
insert into Category_Translation(category_id,language_code,name,description) values ('4','ru','Аудио',NULL);
insert into Category_Translation(category_id,language_code,name,description) values ('5','ru','Аксессуары',NULL);
insert into Category_Translation(category_id,language_code,name,description) values ('1','de','Uhren',NULL);
insert into Category_Translation(category_id,language_code,name,description) values ('2','de','Laptops',NULL);
insert into Category_Translation(category_id,language_code,name,description) values ('3','de','Smartphones',NULL);
insert into Category_Translation(category_id,language_code,name,description) values ('4','de','Audio',NULL);
insert into Category_Translation(category_id,language_code,name,description) values ('5','de','Zubehör',NULL);
insert into Category_Translation(category_id,language_code,name,description) values ('1','fr','Montres',NULL);
insert into Category_Translation(category_id,language_code,name,description) values ('2','fr','Ordinateurs portables',NULL);
insert into Category_Translation(category_id,language_code,name,description) values ('3','fr','Smartphones',NULL);
insert into Category_Translation(category_id,language_code,name,description) values ('4','fr','Audio',NULL);
insert into Category_Translation(category_id,language_code,name,description) values ('5','fr','Accessoires',NULL);
insert into Category_Translation(category_id,language_code,name,description) values ('1','es','Relojes',NULL);
insert into Category_Translation(category_id,language_code,name,description) values ('2','es','Portátiles',NULL);
insert into Category_Translation(category_id,language_code,name,description) values ('3','es','Smartphones',NULL);
insert into Category_Translation(category_id,language_code,name,description) values ('4','es','Audio',NULL);
insert into Category_Translation(category_id,language_code,name,description) values ('5','es','Accesorios',NULL);
insert into Category_Translation(category_id,language_code,name,description) values ('1','it','Orologi',NULL);
insert into Category_Translation(category_id,language_code,name,description) values ('2','it','Portatili',NULL);
insert into Category_Translation(category_id,language_code,name,description) values ('3','it','Smartphone',NULL);
insert into Category_Translation(category_id,language_code,name,description) values ('4','it','Audio',NULL);
insert into Category_Translation(category_id,language_code,name,description) values ('5','it','Accessori',NULL);
insert into Category_Translation(category_id,language_code,name,description) values ('1','pt','Relógios',NULL);
insert into Category_Translation(category_id,language_code,name,description) values ('2','pt','Notebooks',NULL);
insert into Category_Translation(category_id,language_code,name,description) values ('3','pt','Smartphones',NULL);
insert into Category_Translation(category_id,language_code,name,description) values ('4','pt','Áudio',NULL);
insert into Category_Translation(category_id,language_code,name,description) values ('5','pt','Acessórios',NULL);
insert into Category_Translation(category_id,language_code,name,description) values ('1','tr','Saatler',NULL);
insert into Category_Translation(category_id,language_code,name,description) values ('2','tr','Dizüstü Bilgisayarlar',NULL);
insert into Category_Translation(category_id,language_code,name,description) values ('3','tr','Akıllı Telefonlar',NULL);
insert into Category_Translation(category_id,language_code,name,description) values ('4','tr','Ses',NULL);
insert into Category_Translation(category_id,language_code,name,description) values ('5','tr','Aksesuarlar',NULL);
insert into Category_Translation(category_id,language_code,name,description) values ('1','az','Saatlar',NULL);
insert into Category_Translation(category_id,language_code,name,description) values ('2','az','Noutbuklar',NULL);
insert into Category_Translation(category_id,language_code,name,description) values ('3','az','Smartfonlar',NULL);
insert into Category_Translation(category_id,language_code,name,description) values ('4','az','Audio',NULL);
insert into Category_Translation(category_id,language_code,name,description) values ('5','az','Aksesuarlar',NULL);
insert into Category_Translation(category_id,language_code,name,description) values ('1','uk','Годинники',NULL);
insert into Category_Translation(category_id,language_code,name,description) values ('2','uk','Ноутбуки',NULL);
insert into Category_Translation(category_id,language_code,name,description) values ('3','uk','Смартфони',NULL);
insert into Category_Translation(category_id,language_code,name,description) values ('4','uk','Аудіо',NULL);
insert into Category_Translation(category_id,language_code,name,description) values ('5','uk','Аксесуари',NULL);
insert into Category_Translation(category_id,language_code,name,description) values ('1','pl','Zegarki',NULL);
insert into Category_Translation(category_id,language_code,name,description) values ('2','pl','Laptopy',NULL);
insert into Category_Translation(category_id,language_code,name,description) values ('3','pl','Smartfony',NULL);
insert into Category_Translation(category_id,language_code,name,description) values ('4','pl','Audio',NULL);
insert into Category_Translation(category_id,language_code,name,description) values ('5','pl','Akcesoria',NULL);
insert into Category_Translation(category_id,language_code,name,description) values ('1','nl','Horloges',NULL);
insert into Category_Translation(category_id,language_code,name,description) values ('2','nl','Laptops',NULL);
insert into Category_Translation(category_id,language_code,name,description) values ('3','nl','Smartphones',NULL);
insert into Category_Translation(category_id,language_code,name,description) values ('4','nl','Audio',NULL);
insert into Category_Translation(category_id,language_code,name,description) values ('5','nl','Accessoires',NULL);
insert into Category_Translation(category_id,language_code,name,description) values ('1','ar','ساعات',NULL);
insert into Category_Translation(category_id,language_code,name,description) values ('2','ar','حواسيب محمولة',NULL);
insert into Category_Translation(category_id,language_code,name,description) values ('3','ar','هواتف ذكية',NULL);
insert into Category_Translation(category_id,language_code,name,description) values ('4','ar','صوتيات',NULL);
insert into Category_Translation(category_id,language_code,name,description) values ('5','ar','إكسسوارات',NULL);
insert into Category_Translation(category_id,language_code,name,description) values ('1','zh','手表',NULL);
insert into Category_Translation(category_id,language_code,name,description) values ('2','zh','笔记本电脑',NULL);
insert into Category_Translation(category_id,language_code,name,description) values ('3','zh','智能手机',NULL);
insert into Category_Translation(category_id,language_code,name,description) values ('4','zh','音频',NULL);
insert into Category_Translation(category_id,language_code,name,description) values ('5','zh','配件',NULL);
insert into Category_Translation(category_id,language_code,name,description) values ('1','ja','腕時計',NULL);
insert into Category_Translation(category_id,language_code,name,description) values ('2','ja','ノートパソコン',NULL);
insert into Category_Translation(category_id,language_code,name,description) values ('3','ja','スマートフォン',NULL);
insert into Category_Translation(category_id,language_code,name,description) values ('4','ja','オーディオ',NULL);
insert into Category_Translation(category_id,language_code,name,description) values ('5','ja','アクセサリー',NULL);
insert into Category_Translation(category_id,language_code,name,description) values ('1','ko','시계',NULL);
insert into Category_Translation(category_id,language_code,name,description) values ('2','ko','노트북',NULL);
insert into Category_Translation(category_id,language_code,name,description) values ('3','ko','스마트폰',NULL);
insert into Category_Translation(category_id,language_code,name,description) values ('4','ko','오디오',NULL);
insert into Category_Translation(category_id,language_code,name,description) values ('5','ko','액세서리',NULL);
insert into Category_Translation(category_id,language_code,name,description) values ('1','hi','घड़ियाँ',NULL);
insert into Category_Translation(category_id,language_code,name,description) values ('2','hi','लैपटॉप',NULL);
insert into Category_Translation(category_id,language_code,name,description) values ('3','hi','स्मार्टफोन',NULL);
insert into Category_Translation(category_id,language_code,name,description) values ('4','hi','ऑडियो',NULL);
insert into Category_Translation(category_id,language_code,name,description) values ('5','hi','एक्सेसरीज़',NULL);

-- Product name/description translations for 16 languages (brand names kept; descriptions localized)
insert into Product_Translation(product_id,language_code,name,description) values ('1','de','Rolex Submariner Date','Ikonische 41-mm-Taucheruhr aus Oystersteel mit Cerachrom-Lünette.');
insert into Product_Translation(product_id,language_code,name,description) values ('2','de','Omega Speedmaster Moonwatch','Legendärer Handaufzug-Chronograph — die erste Uhr auf dem Mond.');
insert into Product_Translation(product_id,language_code,name,description) values ('3','de','MacBook Pro 16" M3 Max','36 GB Speicher, 1 TB SSD und Liquid Retina XDR Display.');
insert into Product_Translation(product_id,language_code,name,description) values ('4','de','Dell XPS 15 OLED','15,6-Zoll-3,5K-OLED, Core i9, 32 GB RAM und RTX 4070.');
insert into Product_Translation(product_id,language_code,name,description) values ('5','de','iPhone 15 Pro Max','Titan in Luftfahrtqualität, A17 Pro Chip, 512 GB.');
insert into Product_Translation(product_id,language_code,name,description) values ('6','de','Samsung Galaxy S24 Ultra','200-MP-Kamera, S Pen und 6,8-Zoll-AMOLED-Display.');
insert into Product_Translation(product_id,language_code,name,description) values ('7','de','Sony WH-1000XM5','Kabellose Over-Ear-Kopfhörer mit Geräuschunterdrückung.');
insert into Product_Translation(product_id,language_code,name,description) values ('8','de','Apple AirPods Pro 2','Aktive Geräuschunterdrückung, USB-C und adaptives Audio.');
insert into Product_Translation(product_id,language_code,name,description) values ('9','de','Bose SoundLink Flex','Robuster, wasserdichter Bluetooth-Lautsprecher mit tiefem Bass.');
insert into Product_Translation(product_id,language_code,name,description) values ('10','de','Louis Vuitton Keepall 55','Reisetasche aus Monogram-Canvas — Symbol luxuriösen Reisens.');
insert into Product_Translation(product_id,language_code,name,description) values ('11','de','Montblanc Meisterstück 149','Vergoldeter Füllfederhalter aus edlem schwarzem Harz.');
insert into Product_Translation(product_id,language_code,name,description) values ('12','de','Ray-Ban Aviator Classic','Zeitlose Sonnenbrille mit Goldrahmen und G-15-Gläsern.');
insert into Product_Translation(product_id,language_code,name,description) values ('1','fr','Rolex Submariner Date','Montre de plongée 41 mm en Oystersteel avec lunette Cerachrom.');
insert into Product_Translation(product_id,language_code,name,description) values ('2','fr','Omega Speedmaster Moonwatch','Chronographe légendaire à remontage manuel — première montre sur la Lune.');
insert into Product_Translation(product_id,language_code,name,description) values ('3','fr','MacBook Pro 16" M3 Max','36 Go de mémoire, SSD 1 To et écran Liquid Retina XDR.');
insert into Product_Translation(product_id,language_code,name,description) values ('4','fr','Dell XPS 15 OLED','OLED 3,5K de 15,6 pouces, Core i9, 32 Go de RAM et RTX 4070.');
insert into Product_Translation(product_id,language_code,name,description) values ('5','fr','iPhone 15 Pro Max','Titane de qualité aérospatiale, puce A17 Pro, 512 Go.');
insert into Product_Translation(product_id,language_code,name,description) values ('6','fr','Samsung Galaxy S24 Ultra','Appareil photo 200 Mpx, S Pen et écran AMOLED de 6,8 pouces.');
insert into Product_Translation(product_id,language_code,name,description) values ('7','fr','Sony WH-1000XM5','Casque sans fil à réduction de bruit de premier plan.');
insert into Product_Translation(product_id,language_code,name,description) values ('8','fr','Apple AirPods Pro 2','Réduction de bruit active, charge USB-C et audio adaptatif.');
insert into Product_Translation(product_id,language_code,name,description) values ('9','fr','Bose SoundLink Flex','Enceinte Bluetooth portable étanche aux basses profondes.');
insert into Product_Translation(product_id,language_code,name,description) values ('10','fr','Louis Vuitton Keepall 55','Sac de voyage en toile Monogram, symbole du voyage de luxe.');
insert into Product_Translation(product_id,language_code,name,description) values ('11','fr','Montblanc Meisterstück 149','Stylo plume plaqué or, façonné en précieuse résine noire.');
insert into Product_Translation(product_id,language_code,name,description) values ('12','fr','Ray-Ban Aviator Classic','Lunettes de soleil intemporelles à monture dorée et verres G-15.');
insert into Product_Translation(product_id,language_code,name,description) values ('1','es','Rolex Submariner Date','Reloj de buceo de 41 mm en Oystersteel con bisel Cerachrom.');
insert into Product_Translation(product_id,language_code,name,description) values ('2','es','Omega Speedmaster Moonwatch','Cronógrafo legendario de cuerda manual — el primer reloj en la Luna.');
insert into Product_Translation(product_id,language_code,name,description) values ('3','es','MacBook Pro 16" M3 Max','36 GB de memoria, SSD de 1 TB y pantalla Liquid Retina XDR.');
insert into Product_Translation(product_id,language_code,name,description) values ('4','es','Dell XPS 15 OLED','OLED 3,5K de 15,6 pulgadas, Core i9, 32 GB de RAM y RTX 4070.');
insert into Product_Translation(product_id,language_code,name,description) values ('5','es','iPhone 15 Pro Max','Titanio de grado aeroespacial, chip A17 Pro y 512 GB.');
insert into Product_Translation(product_id,language_code,name,description) values ('6','es','Samsung Galaxy S24 Ultra','Cámara de 200 MP, S Pen y pantalla AMOLED de 6,8 pulgadas.');
insert into Product_Translation(product_id,language_code,name,description) values ('7','es','Sony WH-1000XM5','Auriculares inalámbricos con cancelación de ruido líder.');
insert into Product_Translation(product_id,language_code,name,description) values ('8','es','Apple AirPods Pro 2','Cancelación activa de ruido, carga USB-C y audio adaptativo.');
insert into Product_Translation(product_id,language_code,name,description) values ('9','es','Bose SoundLink Flex','Altavoz Bluetooth portátil resistente al agua con graves profundos.');
insert into Product_Translation(product_id,language_code,name,description) values ('10','es','Louis Vuitton Keepall 55','Bolsa de viaje en lona Monogram, símbolo del viaje de lujo.');
insert into Product_Translation(product_id,language_code,name,description) values ('11','es','Montblanc Meisterstück 149','Pluma estilográfica chapada en oro, en preciada resina negra.');
insert into Product_Translation(product_id,language_code,name,description) values ('12','es','Ray-Ban Aviator Classic','Gafas de sol atemporales con montura dorada y lentes G-15.');
insert into Product_Translation(product_id,language_code,name,description) values ('1','it','Rolex Submariner Date','Orologio subacqueo 41 mm in Oystersteel con lunetta Cerachrom.');
insert into Product_Translation(product_id,language_code,name,description) values ('2','it','Omega Speedmaster Moonwatch','Cronografo leggendario a carica manuale — il primo orologio sulla Luna.');
insert into Product_Translation(product_id,language_code,name,description) values ('3','it','MacBook Pro 16" M3 Max','36 GB di memoria, SSD da 1 TB e display Liquid Retina XDR.');
insert into Product_Translation(product_id,language_code,name,description) values ('4','it','Dell XPS 15 OLED','OLED 3,5K da 15,6 pollici, Core i9, 32 GB di RAM e RTX 4070.');
insert into Product_Translation(product_id,language_code,name,description) values ('5','it','iPhone 15 Pro Max','Titanio di grado aerospaziale, chip A17 Pro e 512 GB.');
insert into Product_Translation(product_id,language_code,name,description) values ('6','it','Samsung Galaxy S24 Ultra','Fotocamera da 200 MP, S Pen e display AMOLED da 6,8 pollici.');
insert into Product_Translation(product_id,language_code,name,description) values ('7','it','Sony WH-1000XM5','Cuffie over-ear wireless con cancellazione del rumore.');
insert into Product_Translation(product_id,language_code,name,description) values ('8','it','Apple AirPods Pro 2','Cancellazione attiva del rumore, ricarica USB-C e audio adattivo.');
insert into Product_Translation(product_id,language_code,name,description) values ('9','it','Bose SoundLink Flex','Altoparlante Bluetooth portatile impermeabile con bassi profondi.');
insert into Product_Translation(product_id,language_code,name,description) values ('10','it','Louis Vuitton Keepall 55','Borsa da viaggio in tela Monogram, simbolo del viaggio di lusso.');
insert into Product_Translation(product_id,language_code,name,description) values ('11','it','Montblanc Meisterstück 149','Penna stilografica placcata oro in pregiata resina nera.');
insert into Product_Translation(product_id,language_code,name,description) values ('12','it','Ray-Ban Aviator Classic','Occhiali da sole senza tempo con montatura dorata e lenti G-15.');
insert into Product_Translation(product_id,language_code,name,description) values ('1','pt','Rolex Submariner Date','Relógio de mergulho de 41 mm em Oystersteel com luneta Cerachrom.');
insert into Product_Translation(product_id,language_code,name,description) values ('2','pt','Omega Speedmaster Moonwatch','Cronógrafo lendário de corda manual — o primeiro relógio na Lua.');
insert into Product_Translation(product_id,language_code,name,description) values ('3','pt','MacBook Pro 16" M3 Max','36 GB de memória, SSD de 1 TB e tela Liquid Retina XDR.');
insert into Product_Translation(product_id,language_code,name,description) values ('4','pt','Dell XPS 15 OLED','OLED 3,5K de 15,6 polegadas, Core i9, 32 GB de RAM e RTX 4070.');
insert into Product_Translation(product_id,language_code,name,description) values ('5','pt','iPhone 15 Pro Max','Titânio de nível aeroespacial, chip A17 Pro e 512 GB.');
insert into Product_Translation(product_id,language_code,name,description) values ('6','pt','Samsung Galaxy S24 Ultra','Câmera de 200 MP, S Pen e tela AMOLED de 6,8 polegadas.');
insert into Product_Translation(product_id,language_code,name,description) values ('7','pt','Sony WH-1000XM5','Fones de ouvido sem fio com cancelamento de ruído.');
insert into Product_Translation(product_id,language_code,name,description) values ('8','pt','Apple AirPods Pro 2','Cancelamento ativo de ruído, carga USB-C e áudio adaptável.');
insert into Product_Translation(product_id,language_code,name,description) values ('9','pt','Bose SoundLink Flex','Caixa de som Bluetooth portátil à prova d''água com graves profundos.');
insert into Product_Translation(product_id,language_code,name,description) values ('10','pt','Louis Vuitton Keepall 55','Mala de viagem em lona Monogram, símbolo da viagem de luxo.');
insert into Product_Translation(product_id,language_code,name,description) values ('11','pt','Montblanc Meisterstück 149','Caneta-tinteiro banhada a ouro em preciosa resina preta.');
insert into Product_Translation(product_id,language_code,name,description) values ('12','pt','Ray-Ban Aviator Classic','Óculos de sol atemporais com armação dourada e lentes G-15.');
insert into Product_Translation(product_id,language_code,name,description) values ('1','tr','Rolex Submariner Date','Cerachrom çerçeveli 41 mm Oystersteel dalış saati.');
insert into Product_Translation(product_id,language_code,name,description) values ('2','tr','Omega Speedmaster Moonwatch','Efsanevi kurmalı kronograf — Ay''da giyilen ilk saat.');
insert into Product_Translation(product_id,language_code,name,description) values ('3','tr','MacBook Pro 16" M3 Max','36 GB bellek, 1 TB SSD ve Liquid Retina XDR ekran.');
insert into Product_Translation(product_id,language_code,name,description) values ('4','tr','Dell XPS 15 OLED','15,6 inç 3,5K OLED, Core i9, 32 GB RAM ve RTX 4070.');
insert into Product_Translation(product_id,language_code,name,description) values ('5','tr','iPhone 15 Pro Max','Havacılık sınıfı titanyum, A17 Pro çip ve 512 GB.');
insert into Product_Translation(product_id,language_code,name,description) values ('6','tr','Samsung Galaxy S24 Ultra','200 MP kamera, S Pen ve 6,8 inç AMOLED ekran.');
insert into Product_Translation(product_id,language_code,name,description) values ('7','tr','Sony WH-1000XM5','Sektör lideri kablosuz kulak üstü gürültü önleyici kulaklık.');
insert into Product_Translation(product_id,language_code,name,description) values ('8','tr','Apple AirPods Pro 2','Aktif gürültü önleme, USB-C şarj ve uyarlanabilir ses.');
insert into Product_Translation(product_id,language_code,name,description) values ('9','tr','Bose SoundLink Flex','Sağlam, su geçirmez taşınabilir Bluetooth hoparlör.');
insert into Product_Translation(product_id,language_code,name,description) values ('10','tr','Louis Vuitton Keepall 55','Monogram kanvas seyahat çantası — lüks seyahatin simgesi.');
insert into Product_Translation(product_id,language_code,name,description) values ('11','tr','Montblanc Meisterstück 149','Değerli siyah reçineden altın kaplama dolma kalem.');
insert into Product_Translation(product_id,language_code,name,description) values ('12','tr','Ray-Ban Aviator Classic','Altın çerçeveli, G-15 camlı zamansız güneş gözlüğü.');
insert into Product_Translation(product_id,language_code,name,description) values ('1','az','Rolex Submariner Date','Cerachrom çərçivəli 41 mm Oystersteel dalğıc saatı.');
insert into Product_Translation(product_id,language_code,name,description) values ('2','az','Omega Speedmaster Moonwatch','Əfsanəvi mexaniki xronoqraf — Ayda taxılan ilk saat.');
insert into Product_Translation(product_id,language_code,name,description) values ('3','az','MacBook Pro 16" M3 Max','36 GB yaddaş, 1 TB SSD və Liquid Retina XDR ekran.');
insert into Product_Translation(product_id,language_code,name,description) values ('4','az','Dell XPS 15 OLED','15,6 düymlük 3,5K OLED, Core i9, 32 GB RAM və RTX 4070.');
insert into Product_Translation(product_id,language_code,name,description) values ('5','az','iPhone 15 Pro Max','Aerokosmik səviyyəli titan, A17 Pro çip və 512 GB.');
insert into Product_Translation(product_id,language_code,name,description) values ('6','az','Samsung Galaxy S24 Ultra','200 MP kamera, S Pen və 6,8 düymlük AMOLED ekran.');
insert into Product_Translation(product_id,language_code,name,description) values ('7','az','Sony WH-1000XM5','Sənaye lideri simsiz qulaqlıq, səs-küyü azaldan.');
insert into Product_Translation(product_id,language_code,name,description) values ('8','az','Apple AirPods Pro 2','Aktiv səs-küy azaltma, USB-C şarj və adaptiv audio.');
insert into Product_Translation(product_id,language_code,name,description) values ('9','az','Bose SoundLink Flex','Möhkəm, sudan qorunan portativ Bluetooth dinamik.');
insert into Product_Translation(product_id,language_code,name,description) values ('10','az','Louis Vuitton Keepall 55','Monogram kətan səyahət çantası — dəbdəbəli səyahət simvolu.');
insert into Product_Translation(product_id,language_code,name,description) values ('11','az','Montblanc Meisterstück 149','Qiymətli qara qatrandan qızıl örtüklü qələm.');
insert into Product_Translation(product_id,language_code,name,description) values ('12','az','Ray-Ban Aviator Classic','Qızıl çərçivəli, G-15 linzalı zamansız günəş eynəyi.');
insert into Product_Translation(product_id,language_code,name,description) values ('1','ru','Rolex Submariner Date','Дайверские часы 41 мм из Oystersteel с безелем Cerachrom.');
insert into Product_Translation(product_id,language_code,name,description) values ('2','ru','Omega Speedmaster Moonwatch','Легендарный механический хронограф — первые часы на Луне.');
insert into Product_Translation(product_id,language_code,name,description) values ('3','ru','MacBook Pro 16" M3 Max','36 ГБ памяти, SSD 1 ТБ и дисплей Liquid Retina XDR.');
insert into Product_Translation(product_id,language_code,name,description) values ('4','ru','Dell XPS 15 OLED','15,6-дюймовый 3,5K OLED, Core i9, 32 ГБ ОЗУ и RTX 4070.');
insert into Product_Translation(product_id,language_code,name,description) values ('5','ru','iPhone 15 Pro Max','Титан авиационного класса, чип A17 Pro и 512 ГБ.');
insert into Product_Translation(product_id,language_code,name,description) values ('6','ru','Samsung Galaxy S24 Ultra','Камера 200 Мп, S Pen и 6,8-дюймовый AMOLED-дисплей.');
insert into Product_Translation(product_id,language_code,name,description) values ('7','ru','Sony WH-1000XM5','Беспроводные наушники с шумоподавлением высшего класса.');
insert into Product_Translation(product_id,language_code,name,description) values ('8','ru','Apple AirPods Pro 2','Активное шумоподавление, зарядка USB-C и адаптивный звук.');
insert into Product_Translation(product_id,language_code,name,description) values ('9','ru','Bose SoundLink Flex','Прочная водонепроницаемая портативная Bluetooth-колонка.');
insert into Product_Translation(product_id,language_code,name,description) values ('10','ru','Louis Vuitton Keepall 55','Дорожная сумка из холста Monogram — символ роскошных путешествий.');
insert into Product_Translation(product_id,language_code,name,description) values ('11','ru','Montblanc Meisterstück 149','Позолоченная перьевая ручка из ценной чёрной смолы.');
insert into Product_Translation(product_id,language_code,name,description) values ('12','ru','Ray-Ban Aviator Classic','Вневременные очки в золотой оправе с линзами G-15.');
insert into Product_Translation(product_id,language_code,name,description) values ('1','uk','Rolex Submariner Date','Дайверський годинник 41 мм з Oystersteel із безелем Cerachrom.');
insert into Product_Translation(product_id,language_code,name,description) values ('2','uk','Omega Speedmaster Moonwatch','Легендарний механічний хронограф — перший годинник на Місяці.');
insert into Product_Translation(product_id,language_code,name,description) values ('3','uk','MacBook Pro 16" M3 Max','36 ГБ памʼяті, SSD 1 ТБ і дисплей Liquid Retina XDR.');
insert into Product_Translation(product_id,language_code,name,description) values ('4','uk','Dell XPS 15 OLED','15,6-дюймовий 3,5K OLED, Core i9, 32 ГБ ОЗП і RTX 4070.');
insert into Product_Translation(product_id,language_code,name,description) values ('5','uk','iPhone 15 Pro Max','Титан авіаційного класу, чип A17 Pro і 512 ГБ.');
insert into Product_Translation(product_id,language_code,name,description) values ('6','uk','Samsung Galaxy S24 Ultra','Камера 200 Мп, S Pen і 6,8-дюймовий AMOLED-дисплей.');
insert into Product_Translation(product_id,language_code,name,description) values ('7','uk','Sony WH-1000XM5','Бездротові навушники з шумозаглушенням найвищого класу.');
insert into Product_Translation(product_id,language_code,name,description) values ('8','uk','Apple AirPods Pro 2','Активне шумозаглушення, заряджання USB-C та адаптивний звук.');
insert into Product_Translation(product_id,language_code,name,description) values ('9','uk','Bose SoundLink Flex','Міцна водонепроникна портативна Bluetooth-колонка.');
insert into Product_Translation(product_id,language_code,name,description) values ('10','uk','Louis Vuitton Keepall 55','Дорожня сумка з полотна Monogram — символ розкішних подорожей.');
insert into Product_Translation(product_id,language_code,name,description) values ('11','uk','Montblanc Meisterstück 149','Позолочена перова ручка з цінної чорної смоли.');
insert into Product_Translation(product_id,language_code,name,description) values ('12','uk','Ray-Ban Aviator Classic','Позачасові окуляри в золотій оправі з лінзами G-15.');
insert into Product_Translation(product_id,language_code,name,description) values ('1','pl','Rolex Submariner Date','Zegarek nurkowy 41 mm z Oystersteel z bezelem Cerachrom.');
insert into Product_Translation(product_id,language_code,name,description) values ('2','pl','Omega Speedmaster Moonwatch','Legendarny chronograf mechaniczny — pierwszy zegarek na Księżycu.');
insert into Product_Translation(product_id,language_code,name,description) values ('3','pl','MacBook Pro 16" M3 Max','36 GB pamięci, SSD 1 TB i ekran Liquid Retina XDR.');
insert into Product_Translation(product_id,language_code,name,description) values ('4','pl','Dell XPS 15 OLED','15,6-calowy 3,5K OLED, Core i9, 32 GB RAM i RTX 4070.');
insert into Product_Translation(product_id,language_code,name,description) values ('5','pl','iPhone 15 Pro Max','Tytan klasy lotniczej, chip A17 Pro i 512 GB.');
insert into Product_Translation(product_id,language_code,name,description) values ('6','pl','Samsung Galaxy S24 Ultra','Aparat 200 MP, S Pen i 6,8-calowy ekran AMOLED.');
insert into Product_Translation(product_id,language_code,name,description) values ('7','pl','Sony WH-1000XM5','Bezprzewodowe słuchawki nauszne z redukcją szumów.');
insert into Product_Translation(product_id,language_code,name,description) values ('8','pl','Apple AirPods Pro 2','Aktywna redukcja szumów, ładowanie USB-C i adaptacyjny dźwięk.');
insert into Product_Translation(product_id,language_code,name,description) values ('9','pl','Bose SoundLink Flex','Wytrzymały, wodoodporny przenośny głośnik Bluetooth.');
insert into Product_Translation(product_id,language_code,name,description) values ('10','pl','Louis Vuitton Keepall 55','Torba podróżna z płótna Monogram — symbol luksusowych podróży.');
insert into Product_Translation(product_id,language_code,name,description) values ('11','pl','Montblanc Meisterstück 149','Pozłacane pióro wieczne z cennej czarnej żywicy.');
insert into Product_Translation(product_id,language_code,name,description) values ('12','pl','Ray-Ban Aviator Classic','Ponadczasowe okulary w złotej oprawie z soczewkami G-15.');
insert into Product_Translation(product_id,language_code,name,description) values ('1','nl','Rolex Submariner Date','41 mm Oystersteel duikhorloge met Cerachrom-bezel.');
insert into Product_Translation(product_id,language_code,name,description) values ('2','nl','Omega Speedmaster Moonwatch','Legendarische handopwind-chronograaf — het eerste horloge op de maan.');
insert into Product_Translation(product_id,language_code,name,description) values ('3','nl','MacBook Pro 16" M3 Max','36 GB geheugen, 1 TB SSD en Liquid Retina XDR-scherm.');
insert into Product_Translation(product_id,language_code,name,description) values ('4','nl','Dell XPS 15 OLED','15,6-inch 3,5K OLED, Core i9, 32 GB RAM en RTX 4070.');
insert into Product_Translation(product_id,language_code,name,description) values ('5','nl','iPhone 15 Pro Max','Titanium van luchtvaartkwaliteit, A17 Pro-chip en 512 GB.');
insert into Product_Translation(product_id,language_code,name,description) values ('6','nl','Samsung Galaxy S24 Ultra','200 MP-camera, S Pen en 6,8-inch AMOLED-scherm.');
insert into Product_Translation(product_id,language_code,name,description) values ('7','nl','Sony WH-1000XM5','Toonaangevende draadloze over-ear koptelefoon met ruisonderdrukking.');
insert into Product_Translation(product_id,language_code,name,description) values ('8','nl','Apple AirPods Pro 2','Actieve ruisonderdrukking, USB-C-opladen en adaptieve audio.');
insert into Product_Translation(product_id,language_code,name,description) values ('9','nl','Bose SoundLink Flex','Robuuste, waterdichte draagbare Bluetooth-speaker met diepe bas.');
insert into Product_Translation(product_id,language_code,name,description) values ('10','nl','Louis Vuitton Keepall 55','Reistas van Monogram-canvas — symbool van luxe reizen.');
insert into Product_Translation(product_id,language_code,name,description) values ('11','nl','Montblanc Meisterstück 149','Verguld vulpen van kostbaar zwart hars.');
insert into Product_Translation(product_id,language_code,name,description) values ('12','nl','Ray-Ban Aviator Classic','Tijdloze zonnebril met gouden montuur en G-15-glazen.');
insert into Product_Translation(product_id,language_code,name,description) values ('1','ar','Rolex Submariner Date','ساعة غوص 41 مم من Oystersteel بإطار Cerachrom.');
insert into Product_Translation(product_id,language_code,name,description) values ('2','ar','Omega Speedmaster Moonwatch','كرونوغراف يدوي أسطوري — أول ساعة على القمر.');
insert into Product_Translation(product_id,language_code,name,description) values ('3','ar','MacBook Pro 16" M3 Max','ذاكرة 36 جيجابايت وSSD 1 تيرابايت وشاشة Liquid Retina XDR.');
insert into Product_Translation(product_id,language_code,name,description) values ('4','ar','Dell XPS 15 OLED','شاشة OLED 3.5K مقاس 15.6 بوصة، Core i9، و32 جيجابايت وRTX 4070.');
insert into Product_Translation(product_id,language_code,name,description) values ('5','ar','iPhone 15 Pro Max','تيتانيوم بمستوى الطيران، شريحة A17 Pro و512 جيجابايت.');
insert into Product_Translation(product_id,language_code,name,description) values ('6','ar','Samsung Galaxy S24 Ultra','كاميرا 200 ميجابكسل وS Pen وشاشة AMOLED مقاس 6.8 بوصة.');
insert into Product_Translation(product_id,language_code,name,description) values ('7','ar','Sony WH-1000XM5','سماعات رأس لاسلكية رائدة بخاصية إلغاء الضوضاء.');
insert into Product_Translation(product_id,language_code,name,description) values ('8','ar','Apple AirPods Pro 2','إلغاء نشط للضوضاء وشحن USB-C وصوت تكيّفي.');
insert into Product_Translation(product_id,language_code,name,description) values ('9','ar','Bose SoundLink Flex','مكبر صوت بلوتوث محمول متين ومقاوم للماء.');
insert into Product_Translation(product_id,language_code,name,description) values ('10','ar','Louis Vuitton Keepall 55','حقيبة سفر من قماش Monogram — رمز للسفر الفاخر.');
insert into Product_Translation(product_id,language_code,name,description) values ('11','ar','Montblanc Meisterstück 149','قلم حبر مطلي بالذهب من الراتنج الأسود الثمين.');
insert into Product_Translation(product_id,language_code,name,description) values ('12','ar','Ray-Ban Aviator Classic','نظارة شمسية خالدة بإطار ذهبي وعدسات G-15.');
insert into Product_Translation(product_id,language_code,name,description) values ('1','zh','Rolex Submariner Date','41 毫米 Oystersteel 潜水表，配 Cerachrom 表圈。');
insert into Product_Translation(product_id,language_code,name,description) values ('2','zh','Omega Speedmaster Moonwatch','传奇手动上链计时码表——首款登月腕表。');
insert into Product_Translation(product_id,language_code,name,description) values ('3','zh','MacBook Pro 16" M3 Max','36GB 内存、1TB 固态硬盘和 Liquid Retina XDR 显示屏。');
insert into Product_Translation(product_id,language_code,name,description) values ('4','zh','Dell XPS 15 OLED','15.6 英寸 3.5K OLED、Core i9、32GB 内存和 RTX 4070。');
insert into Product_Translation(product_id,language_code,name,description) values ('5','zh','iPhone 15 Pro Max','航空级钛金属、A17 Pro 芯片和 512GB。');
insert into Product_Translation(product_id,language_code,name,description) values ('6','zh','Samsung Galaxy S24 Ultra','2 亿像素摄像头、S Pen 和 6.8 英寸 AMOLED 屏幕。');
insert into Product_Translation(product_id,language_code,name,description) values ('7','zh','Sony WH-1000XM5','业界领先的无线降噪头戴式耳机。');
insert into Product_Translation(product_id,language_code,name,description) values ('8','zh','Apple AirPods Pro 2','主动降噪、USB-C 充电和自适应音频。');
insert into Product_Translation(product_id,language_code,name,description) values ('9','zh','Bose SoundLink Flex','坚固防水的便携式蓝牙音箱，低音深沉。');
insert into Product_Translation(product_id,language_code,name,description) values ('10','zh','Louis Vuitton Keepall 55','Monogram 帆布旅行袋，奢华旅行的永恒象征。');
insert into Product_Translation(product_id,language_code,name,description) values ('11','zh','Montblanc Meisterstück 149','镀金钢笔，采用珍贵黑色树脂手工制作。');
insert into Product_Translation(product_id,language_code,name,description) values ('12','zh','Ray-Ban Aviator Classic','永恒的金框太阳镜，配 G-15 镜片。');
insert into Product_Translation(product_id,language_code,name,description) values ('1','ja','Rolex Submariner Date','Cerachrom ベゼルを備えた 41mm Oystersteel ダイバーズウォッチ。');
insert into Product_Translation(product_id,language_code,name,description) values ('2','ja','Omega Speedmaster Moonwatch','伝説的な手巻きクロノグラフ — 月に着いた最初の時計。');
insert into Product_Translation(product_id,language_code,name,description) values ('3','ja','MacBook Pro 16" M3 Max','36GB メモリ、1TB SSD、Liquid Retina XDR ディスプレイ。');
insert into Product_Translation(product_id,language_code,name,description) values ('4','ja','Dell XPS 15 OLED','15.6 インチ 3.5K OLED、Core i9、32GB RAM、RTX 4070。');
insert into Product_Translation(product_id,language_code,name,description) values ('5','ja','iPhone 15 Pro Max','航空宇宙グレードのチタン、A17 Pro チップ、512GB。');
insert into Product_Translation(product_id,language_code,name,description) values ('6','ja','Samsung Galaxy S24 Ultra','2 億画素カメラ、S Pen、6.8 インチ AMOLED ディスプレイ。');
insert into Product_Translation(product_id,language_code,name,description) values ('7','ja','Sony WH-1000XM5','業界をリードするワイヤレスノイズキャンセリングヘッドホン。');
insert into Product_Translation(product_id,language_code,name,description) values ('8','ja','Apple AirPods Pro 2','アクティブノイズキャンセリング、USB-C 充電、適応型オーディオ。');
insert into Product_Translation(product_id,language_code,name,description) values ('9','ja','Bose SoundLink Flex','頑丈で防水のポータブル Bluetooth スピーカー。');
insert into Product_Translation(product_id,language_code,name,description) values ('10','ja','Louis Vuitton Keepall 55','Monogram キャンバスの旅行バッグ — ラグジュアリーな旅の象徴。');
insert into Product_Translation(product_id,language_code,name,description) values ('11','ja','Montblanc Meisterstück 149','貴重な黒い樹脂から作られた金メッキの万年筆。');
insert into Product_Translation(product_id,language_code,name,description) values ('12','ja','Ray-Ban Aviator Classic','G-15 レンズを備えた時代を超えたゴールドフレームのサングラス。');
insert into Product_Translation(product_id,language_code,name,description) values ('1','ko','Rolex Submariner Date','Cerachrom 베젤이 있는 41mm Oystersteel 다이빙 시계.');
insert into Product_Translation(product_id,language_code,name,description) values ('2','ko','Omega Speedmaster Moonwatch','전설적인 수동 크로노그래프 — 달에 착용한 최초의 시계.');
insert into Product_Translation(product_id,language_code,name,description) values ('3','ko','MacBook Pro 16" M3 Max','36GB 메모리, 1TB SSD, Liquid Retina XDR 디스플레이.');
insert into Product_Translation(product_id,language_code,name,description) values ('4','ko','Dell XPS 15 OLED','15.6인치 3.5K OLED, Core i9, 32GB RAM, RTX 4070.');
insert into Product_Translation(product_id,language_code,name,description) values ('5','ko','iPhone 15 Pro Max','항공우주급 티타늄, A17 Pro 칩, 512GB.');
insert into Product_Translation(product_id,language_code,name,description) values ('6','ko','Samsung Galaxy S24 Ultra','2억 화소 카메라, S Pen, 6.8인치 AMOLED 디스플레이.');
insert into Product_Translation(product_id,language_code,name,description) values ('7','ko','Sony WH-1000XM5','업계 최고의 무선 노이즈 캔슬링 헤드폰.');
insert into Product_Translation(product_id,language_code,name,description) values ('8','ko','Apple AirPods Pro 2','액티브 노이즈 캔슬링, USB-C 충전, 적응형 오디오.');
insert into Product_Translation(product_id,language_code,name,description) values ('9','ko','Bose SoundLink Flex','견고하고 방수되는 휴대용 블루투스 스피커.');
insert into Product_Translation(product_id,language_code,name,description) values ('10','ko','Louis Vuitton Keepall 55','Monogram 캔버스 여행 가방 — 럭셔리 여행의 상징.');
insert into Product_Translation(product_id,language_code,name,description) values ('11','ko','Montblanc Meisterstück 149','귀한 검은 수지로 만든 금도금 만년필.');
insert into Product_Translation(product_id,language_code,name,description) values ('12','ko','Ray-Ban Aviator Classic','G-15 렌즈를 갖춘 시대를 초월한 골드 프레임 선글라스.');
insert into Product_Translation(product_id,language_code,name,description) values ('1','hi','Rolex Submariner Date','Cerachrom बेज़ल वाली 41mm Oystersteel डाइविंग घड़ी।');
insert into Product_Translation(product_id,language_code,name,description) values ('2','hi','Omega Speedmaster Moonwatch','पौराणिक मैनुअल क्रोनोग्राफ — चंद्रमा पर पहनी गई पहली घड़ी।');
insert into Product_Translation(product_id,language_code,name,description) values ('3','hi','MacBook Pro 16" M3 Max','36GB मेमोरी, 1TB SSD और Liquid Retina XDR डिस्प्ले।');
insert into Product_Translation(product_id,language_code,name,description) values ('4','hi','Dell XPS 15 OLED','15.6 इंच 3.5K OLED, Core i9, 32GB RAM और RTX 4070।');
insert into Product_Translation(product_id,language_code,name,description) values ('5','hi','iPhone 15 Pro Max','एयरोस्पेस-ग्रेड टाइटेनियम, A17 Pro चिप और 512GB।');
insert into Product_Translation(product_id,language_code,name,description) values ('6','hi','Samsung Galaxy S24 Ultra','200MP कैमरा, S Pen और 6.8 इंच AMOLED डिस्प्ले।');
insert into Product_Translation(product_id,language_code,name,description) values ('7','hi','Sony WH-1000XM5','उद्योग-अग्रणी वायरलेस नॉइज़-कैंसलिंग हेडफ़ोन।');
insert into Product_Translation(product_id,language_code,name,description) values ('8','hi','Apple AirPods Pro 2','सक्रिय नॉइज़ कैंसलेशन, USB-C चार्जिंग और अनुकूली ऑडियो।');
insert into Product_Translation(product_id,language_code,name,description) values ('9','hi','Bose SoundLink Flex','मजबूत, वाटरप्रूफ पोर्टेबल ब्लूटूथ स्पीकर।');
insert into Product_Translation(product_id,language_code,name,description) values ('10','hi','Louis Vuitton Keepall 55','Monogram कैनवास ट्रैवल बैग — विलासिता यात्रा का प्रतीक।');
insert into Product_Translation(product_id,language_code,name,description) values ('11','hi','Montblanc Meisterstück 149','कीमती काले रेज़िन से बना सोने की परत वाला फाउंटेन पेन।');
insert into Product_Translation(product_id,language_code,name,description) values ('12','hi','Ray-Ban Aviator Classic','G-15 लेंस के साथ सुनहरे फ्रेम वाला कालातीत धूप का चश्मा।');
